job,model,aden_centroid,aden_nearest,cys632
uba1_cys_ub75_no_ube2w,uba1_cys_ub75_no_ube2w__seed-10_sample-0__model.cif,7.78,4.39,32.64
uba1_cys_ub75_no_ube2w,uba1_cys_ub75_no_ube2w__seed-10_sample-1__model.cif,7.74,4.29,30.89
uba1_cys_ub75_no_ube2w,uba1_cys_ub75_no_ube2w__seed-10_sample-2__model.cif,7.75,4.21,32.76
uba1_cys_ub75_no_ube2w,uba1_cys_ub75_no_ube2w__seed-10_sample-3__model.cif,7.8,4.24,32.57
uba1_cys_ub75_no_ube2w,uba1_cys_ub75_no_ube2w__seed-10_sample-4__model.cif,7.84,4.43,32.6
uba1_cys_ub75_no_ube2w,uba1_cys_ub75_no_ube2w__seed-11_sample-0__model.cif,7.75,4.2,32.33
uba1_cys_ub75_no_ube2w,uba1_cys_ub75_no_ube2w__seed-11_sample-1__model.cif,7.77,4.34,32.57
uba1_cys_ub75_no_ube2w,uba1_cys_ub75_no_ube2w__seed-11_sample-2__model.cif,7.79,4.19,32.93
uba1_cys_ub75_no_ube2w,uba1_cys_ub75_no_ube2w__seed-11_sample-3__model.cif,7.8,4.26,32.35
uba1_cys_ub75_no_ube2w,uba1_cys_ub75_no_ube2w__seed-11_sample-4__model.cif,7.75,4.31,31.15
uba1_cys_ub75_no_ube2w,uba1_cys_ub75_no_ube2w__seed-12_sample-0__model.cif,7.91,4.33,32.83
uba1_cys_ub75_no_ube2w,uba1_cys_ub75_no_ube2w__seed-12_sample-1__model.cif,7.67,4.23,32.85
uba1_cys_ub75_no_ube2w,uba1_cys_ub75_no_ube2w__seed-12_sample-2__model.cif,7.74,4.28,32.47
uba1_cys_ub75_no_ube2w,uba1_cys_ub75_no_ube2w__seed-12_sample-3__model.cif,7.84,4.28,30.64
uba1_cys_ub75_no_ube2w,uba1_cys_ub75_no_ube2w__seed-12_sample-4__model.cif,7.78,4.34,32.57
uba1_cys_ub75_no_ube2w,uba1_cys_ub75_no_ube2w__seed-13_sample-0__model.cif,7.72,4.33,32.91
uba1_cys_ub75_no_ube2w,uba1_cys_ub75_no_ube2w__seed-13_sample-1__model.cif,7.81,4.35,32.79
uba1_cys_ub75_no_ube2w,uba1_cys_ub75_no_ube2w__seed-13_sample-2__model.cif,7.79,4.29,32.61
uba1_cys_ub75_no_ube2w,uba1_cys_ub75_no_ube2w__seed-13_sample-3__model.cif,7.77,4.33,32.87
uba1_cys_ub75_no_ube2w,uba1_cys_ub75_no_ube2w__seed-13_sample-4__model.cif,7.86,4.38,32.69
uba1_cys_ub75_no_ube2w,uba1_cys_ub75_no_ube2w__seed-14_sample-0__model.cif,7.84,4.28,32.65
uba1_cys_ub75_no_ube2w,uba1_cys_ub75_no_ube2w__seed-14_sample-1__model.cif,7.75,4.48,32.75
uba1_cys_ub75_no_ube2w,uba1_cys_ub75_no_ube2w__seed-14_sample-2__model.cif,7.64,4.28,32.99
uba1_cys_ub75_no_ube2w,uba1_cys_ub75_no_ube2w__seed-14_sample-3__model.cif,7.8,4.2,30.92
uba1_cys_ub75_no_ube2w,uba1_cys_ub75_no_ube2w__seed-14_sample-4__model.cif,7.7,4.15,32.48
uba1_cys_ub75_with_ube2w,uba1_cys_ub75_with_ube2w__seed-10_sample-0__model.cif,7.55,4.06,32.16
uba1_cys_ub75_with_ube2w,uba1_cys_ub75_with_ube2w__seed-10_sample-1__model.cif,7.71,4.29,32.01
uba1_cys_ub75_with_ube2w,uba1_cys_ub75_with_ube2w__seed-10_sample-2__model.cif,7.77,4.23,32.32
uba1_cys_ub75_with_ube2w,uba1_cys_ub75_with_ube2w__seed-10_sample-3__model.cif,7.73,4.23,31.75
uba1_cys_ub75_with_ube2w,uba1_cys_ub75_with_ube2w__seed-10_sample-4__model.cif,7.83,4.26,31.06
uba1_cys_ub75_with_ube2w,uba1_cys_ub75_with_ube2w__seed-11_sample-0__model.cif,7.69,4.21,32.3
uba1_cys_ub75_with_ube2w,uba1_cys_ub75_with_ube2w__seed-11_sample-1__model.cif,7.65,4.26,32.52
uba1_cys_ub75_with_ube2w,uba1_cys_ub75_with_ube2w__seed-11_sample-2__model.cif,7.66,4.26,32.11
uba1_cys_ub75_with_ube2w,uba1_cys_ub75_with_ube2w__seed-11_sample-3__model.cif,7.77,4.17,32.27
uba1_cys_ub75_with_ube2w,uba1_cys_ub75_with_ube2w__seed-11_sample-4__model.cif,7.81,4.16,31.95
uba1_cys_ub75_with_ube2w,uba1_cys_ub75_with_ube2w__seed-12_sample-0__model.cif,7.67,4.14,32.06
uba1_cys_ub75_with_ube2w,uba1_cys_ub75_with_ube2w__seed-12_sample-1__model.cif,7.68,4.19,31.87
uba1_cys_ub75_with_ube2w,uba1_cys_ub75_with_ube2w__seed-12_sample-2__model.cif,7.69,4.25,32.19
uba1_cys_ub75_with_ube2w,uba1_cys_ub75_with_ube2w__seed-12_sample-3__model.cif,7.66,4.2,31.86
uba1_cys_ub75_with_ube2w,uba1_cys_ub75_with_ube2w__seed-12_sample-4__model.cif,7.82,4.36,32.0
uba1_cys_ub75_with_ube2w,uba1_cys_ub75_with_ube2w__seed-13_sample-0__model.cif,7.67,4.22,30.46
uba1_cys_ub75_with_ube2w,uba1_cys_ub75_with_ube2w__seed-13_sample-1__model.cif,7.75,4.3,30.12
uba1_cys_ub75_with_ube2w,uba1_cys_ub75_with_ube2w__seed-13_sample-2__model.cif,7.82,4.19,30.86
uba1_cys_ub75_with_ube2w,uba1_cys_ub75_with_ube2w__seed-13_sample-3__model.cif,7.74,4.27,32.3
uba1_cys_ub75_with_ube2w,uba1_cys_ub75_with_ube2w__seed-13_sample-4__model.cif,7.82,4.3,32.27
uba1_cys_ub75_with_ube2w,uba1_cys_ub75_with_ube2w__seed-14_sample-0__model.cif,7.82,4.25,32.1
uba1_cys_ub75_with_ube2w,uba1_cys_ub75_with_ube2w__seed-14_sample-1__model.cif,7.78,4.28,32.18
uba1_cys_ub75_with_ube2w,uba1_cys_ub75_with_ube2w__seed-14_sample-2__model.cif,7.81,4.16,32.28
uba1_cys_ub75_with_ube2w,uba1_cys_ub75_with_ube2w__seed-14_sample-3__model.cif,7.79,4.31,32.44
uba1_cys_ub75_with_ube2w,uba1_cys_ub75_with_ube2w__seed-14_sample-4__model.cif,7.65,4.29,32.55
uba1_cys_ub76_no_ube2w,uba1_cys_ub76_no_ube2w__seed-10_sample-0__model.cif,4.37,4.66,35.71
uba1_cys_ub76_no_ube2w,uba1_cys_ub76_no_ube2w__seed-10_sample-1__model.cif,4.35,4.58,35.62
uba1_cys_ub76_no_ube2w,uba1_cys_ub76_no_ube2w__seed-10_sample-2__model.cif,4.31,4.53,35.74
uba1_cys_ub76_no_ube2w,uba1_cys_ub76_no_ube2w__seed-10_sample-3__model.cif,4.41,4.6,35.59
uba1_cys_ub76_no_ube2w,uba1_cys_ub76_no_ube2w__seed-10_sample-4__model.cif,4.29,4.57,35.43
uba1_cys_ub76_no_ube2w,uba1_cys_ub76_no_ube2w__seed-11_sample-0__model.cif,4.57,4.68,34.11
uba1_cys_ub76_no_ube2w,uba1_cys_ub76_no_ube2w__seed-11_sample-1__model.cif,4.38,4.53,35.56
uba1_cys_ub76_no_ube2w,uba1_cys_ub76_no_ube2w__seed-11_sample-2__model.cif,4.2,4.68,35.83
uba1_cys_ub76_no_ube2w,uba1_cys_ub76_no_ube2w__seed-11_sample-3__model.cif,4.46,4.6,35.34
uba1_cys_ub76_no_ube2w,uba1_cys_ub76_no_ube2w__seed-11_sample-4__model.cif,4.41,4.57,34.3
uba1_cys_ub76_no_ube2w,uba1_cys_ub76_no_ube2w__seed-12_sample-0__model.cif,4.36,4.68,35.83
uba1_cys_ub76_no_ube2w,uba1_cys_ub76_no_ube2w__seed-12_sample-1__model.cif,4.23,4.61,34.23
uba1_cys_ub76_no_ube2w,uba1_cys_ub76_no_ube2w__seed-12_sample-2__model.cif,4.11,4.6,35.43
uba1_cys_ub76_no_ube2w,uba1_cys_ub76_no_ube2w__seed-12_sample-3__model.cif,4.25,4.62,33.82
uba1_cys_ub76_no_ube2w,uba1_cys_ub76_no_ube2w__seed-12_sample-4__model.cif,4.33,4.63,35.58
uba1_cys_ub76_no_ube2w,uba1_cys_ub76_no_ube2w__seed-13_sample-0__model.cif,4.24,4.58,35.73
uba1_cys_ub76_no_ube2w,uba1_cys_ub76_no_ube2w__seed-13_sample-1__model.cif,4.39,4.56,35.76
uba1_cys_ub76_no_ube2w,uba1_cys_ub76_no_ube2w__seed-13_sample-2__model.cif,4.27,4.68,35.51
uba1_cys_ub76_no_ube2w,uba1_cys_ub76_no_ube2w__seed-13_sample-3__model.cif,4.21,4.62,35.84
uba1_cys_ub76_no_ube2w,uba1_cys_ub76_no_ube2w__seed-13_sample-4__model.cif,4.33,4.59,35.69
uba1_cys_ub76_no_ube2w,uba1_cys_ub76_no_ube2w__seed-14_sample-0__model.cif,4.44,4.55,35.73
uba1_cys_ub76_no_ube2w,uba1_cys_ub76_no_ube2w__seed-14_sample-1__model.cif,4.29,4.63,35.56
uba1_cys_ub76_no_ube2w,uba1_cys_ub76_no_ube2w__seed-14_sample-2__model.cif,4.42,4.57,35.79
uba1_cys_ub76_no_ube2w,uba1_cys_ub76_no_ube2w__seed-14_sample-3__model.cif,4.38,4.6,34.13
uba1_cys_ub76_no_ube2w,uba1_cys_ub76_no_ube2w__seed-14_sample-4__model.cif,4.26,4.56,35.5
uba1_thio_ub75_no_ube2w,uba1_thio_ub75_no_ube2w__seed-10_sample-0__model.cif,7.12,4.21,1.49
uba1_thio_ub75_no_ube2w,uba1_thio_ub75_no_ube2w__seed-10_sample-1__model.cif,7.38,4.44,1.45
uba1_thio_ub75_no_ube2w,uba1_thio_ub75_no_ube2w__seed-10_sample-2__model.cif,7.59,4.35,1.44
uba1_thio_ub75_no_ube2w,uba1_thio_ub75_no_ube2w__seed-10_sample-3__model.cif,7.77,4.46,1.52
uba1_thio_ub75_no_ube2w,uba1_thio_ub75_no_ube2w__seed-10_sample-4__model.cif,7.65,4.44,1.5
uba1_thio_ub75_no_ube2w,uba1_thio_ub75_no_ube2w__seed-11_sample-0__model.cif,8.02,4.65,1.45
uba1_thio_ub75_no_ube2w,uba1_thio_ub75_no_ube2w__seed-11_sample-1__model.cif,7.84,4.56,1.47
uba1_thio_ub75_no_ube2w,uba1_thio_ub75_no_ube2w__seed-11_sample-2__model.cif,7.71,4.16,1.49
uba1_thio_ub75_no_ube2w,uba1_thio_ub75_no_ube2w__seed-11_sample-3__model.cif,7.16,4.22,1.54
uba1_thio_ub75_no_ube2w,uba1_thio_ub75_no_ube2w__seed-11_sample-4__model.cif,7.37,4.12,1.49
uba1_thio_ub75_no_ube2w,uba1_thio_ub75_no_ube2w__seed-12_sample-0__model.cif,7.53,5.45,1.55
uba1_thio_ub75_no_ube2w,uba1_thio_ub75_no_ube2w__seed-12_sample-1__model.cif,7.37,5.37,1.56
uba1_thio_ub75_no_ube2w,uba1_thio_ub75_no_ube2w__seed-12_sample-2__model.cif,6.79,4.65,1.59
uba1_thio_ub75_no_ube2w,uba1_thio_ub75_no_ube2w__seed-12_sample-3__model.cif,7.48,5.21,1.51
uba1_thio_ub75_no_ube2w,uba1_thio_ub75_no_ube2w__seed-12_sample-4__model.cif,7.35,5.43,1.53
uba1_thio_ub75_no_ube2w,uba1_thio_ub75_no_ube2w__seed-13_sample-0__model.cif,7.69,4.59,1.51
uba1_thio_ub75_no_ube2w,uba1_thio_ub75_no_ube2w__seed-13_sample-1__model.cif,7.46,4.44,1.48
uba1_thio_ub75_no_ube2w,uba1_thio_ub75_no_ube2w__seed-13_sample-2__model.cif,7.41,4.39,1.55
uba1_thio_ub75_no_ube2w,uba1_thio_ub75_no_ube2w__seed-13_sample-3__model.cif,7.42,4.61,1.52
uba1_thio_ub75_no_ube2w,uba1_thio_ub75_no_ube2w__seed-13_sample-4__model.cif,7.51,4.43,1.42
uba1_thio_ub75_no_ube2w,uba1_thio_ub75_no_ube2w__seed-14_sample-0__model.cif,7.28,4.43,1.49
uba1_thio_ub75_no_ube2w,uba1_thio_ub75_no_ube2w__seed-14_sample-1__model.cif,7.94,4.36,1.45
uba1_thio_ub75_no_ube2w,uba1_thio_ub75_no_ube2w__seed-14_sample-2__model.cif,7.69,4.41,1.48
uba1_thio_ub75_no_ube2w,uba1_thio_ub75_no_ube2w__seed-14_sample-3__model.cif,7.24,4.41,1.55
uba1_thio_ub75_no_ube2w,uba1_thio_ub75_no_ube2w__seed-14_sample-4__model.cif,7.05,4.24,1.47
uba1_thio_ub75_with_ube2w,uba1_thio_ub75_with_ube2w__seed-10_sample-0__model.cif,7.34,5.27,1.54
uba1_thio_ub75_with_ube2w,uba1_thio_ub75_with_ube2w__seed-10_sample-1__model.cif,7.25,4.59,1.54
uba1_thio_ub75_with_ube2w,uba1_thio_ub75_with_ube2w__seed-10_sample-2__model.cif,7.04,4.59,1.61
uba1_thio_ub75_with_ube2w,uba1_thio_ub75_with_ube2w__seed-10_sample-3__model.cif,7.15,5.16,1.56
uba1_thio_ub75_with_ube2w,uba1_thio_ub75_with_ube2w__seed-10_sample-4__model.cif,7.6,5.29,1.54
uba1_thio_ub75_with_ube2w,uba1_thio_ub75_with_ube2w__seed-11_sample-0__model.cif,7.37,4.68,1.49
uba1_thio_ub75_with_ube2w,uba1_thio_ub75_with_ube2w__seed-11_sample-1__model.cif,8.18,4.96,1.5
uba1_thio_ub75_with_ube2w,uba1_thio_ub75_with_ube2w__seed-11_sample-2__model.cif,7.34,4.87,1.5
uba1_thio_ub75_with_ube2w,uba1_thio_ub75_with_ube2w__seed-11_sample-3__model.cif,7.51,4.32,1.52
uba1_thio_ub75_with_ube2w,uba1_thio_ub75_with_ube2w__seed-11_sample-4__model.cif,7.3,4.5,1.54
uba1_thio_ub75_with_ube2w,uba1_thio_ub75_with_ube2w__seed-12_sample-0__model.cif,8.1,4.35,1.49
uba1_thio_ub75_with_ube2w,uba1_thio_ub75_with_ube2w__seed-12_sample-1__model.cif,6.85,4.23,1.51
uba1_thio_ub75_with_ube2w,uba1_thio_ub75_with_ube2w__seed-12_sample-2__model.cif,7.43,4.57,1.46
uba1_thio_ub75_with_ube2w,uba1_thio_ub75_with_ube2w__seed-12_sample-3__model.cif,6.89,4.4,1.53
uba1_thio_ub75_with_ube2w,uba1_thio_ub75_with_ube2w__seed-12_sample-4__model.cif,7.11,4.67,1.53
uba1_thio_ub75_with_ube2w,uba1_thio_ub75_with_ube2w__seed-13_sample-0__model.cif,7.19,4.67,1.57
uba1_thio_ub75_with_ube2w,uba1_thio_ub75_with_ube2w__seed-13_sample-1__model.cif,8.39,4.53,1.45
uba1_thio_ub75_with_ube2w,uba1_thio_ub75_with_ube2w__seed-13_sample-2__model.cif,7.52,4.44,1.47
uba1_thio_ub75_with_ube2w,uba1_thio_ub75_with_ube2w__seed-13_sample-3__model.cif,7.46,4.56,1.51
uba1_thio_ub75_with_ube2w,uba1_thio_ub75_with_ube2w__seed-13_sample-4__model.cif,7.51,4.35,1.46
uba1_thio_ub75_with_ube2w,uba1_thio_ub75_with_ube2w__seed-14_sample-0__model.cif,7.56,4.52,1.53
uba1_thio_ub75_with_ube2w,uba1_thio_ub75_with_ube2w__seed-14_sample-1__model.cif,7.18,4.56,1.52
uba1_thio_ub75_with_ube2w,uba1_thio_ub75_with_ube2w__seed-14_sample-2__model.cif,6.99,4.48,1.57
uba1_thio_ub75_with_ube2w,uba1_thio_ub75_with_ube2w__seed-14_sample-3__model.cif,7.71,4.44,1.47
uba1_thio_ub75_with_ube2w,uba1_thio_ub75_with_ube2w__seed-14_sample-4__model.cif,7.9,4.8,1.47
uba1_thio_ub76_no_ube2w,uba1_thio_ub76_no_ube2w__seed-10_sample-0__model.cif,5.03,4.91,1.6
uba1_thio_ub76_no_ube2w,uba1_thio_ub76_no_ube2w__seed-10_sample-1__model.cif,5.17,4.86,1.54
uba1_thio_ub76_no_ube2w,uba1_thio_ub76_no_ube2w__seed-10_sample-2__model.cif,5.67,4.66,1.56
uba1_thio_ub76_no_ube2w,uba1_thio_ub76_no_ube2w__seed-10_sample-3__model.cif,5.99,4.82,1.54
uba1_thio_ub76_no_ube2w,uba1_thio_ub76_no_ube2w__seed-10_sample-4__model.cif,5.71,4.68,1.53
uba1_thio_ub76_no_ube2w,uba1_thio_ub76_no_ube2w__seed-11_sample-0__model.cif,5.78,4.88,1.51
uba1_thio_ub76_no_ube2w,uba1_thio_ub76_no_ube2w__seed-11_sample-1__model.cif,5.65,4.86,1.5
uba1_thio_ub76_no_ube2w,uba1_thio_ub76_no_ube2w__seed-11_sample-2__model.cif,5.24,4.76,1.53
uba1_thio_ub76_no_ube2w,uba1_thio_ub76_no_ube2w__seed-11_sample-3__model.cif,6.23,5.14,1.5
uba1_thio_ub76_no_ube2w,uba1_thio_ub76_no_ube2w__seed-11_sample-4__model.cif,5.78,4.85,1.51
uba1_thio_ub76_no_ube2w,uba1_thio_ub76_no_ube2w__seed-12_sample-0__model.cif,5.3,5.02,1.52
uba1_thio_ub76_no_ube2w,uba1_thio_ub76_no_ube2w__seed-12_sample-1__model.cif,5.63,5.0,1.49
uba1_thio_ub76_no_ube2w,uba1_thio_ub76_no_ube2w__seed-12_sample-2__model.cif,5.58,4.9,1.51
uba1_thio_ub76_no_ube2w,uba1_thio_ub76_no_ube2w__seed-12_sample-3__model.cif,5.83,5.03,1.48
uba1_thio_ub76_no_ube2w,uba1_thio_ub76_no_ube2w__seed-12_sample-4__model.cif,5.81,5.06,1.52
uba1_thio_ub76_no_ube2w,uba1_thio_ub76_no_ube2w__seed-13_sample-0__model.cif,5.36,4.95,1.54
uba1_thio_ub76_no_ube2w,uba1_thio_ub76_no_ube2w__seed-13_sample-1__model.cif,5.63,4.63,1.57
uba1_thio_ub76_no_ube2w,uba1_thio_ub76_no_ube2w__seed-13_sample-2__model.cif,5.49,4.77,1.56
uba1_thio_ub76_no_ube2w,uba1_thio_ub76_no_ube2w__seed-13_sample-3__model.cif,5.45,4.76,1.54
uba1_thio_ub76_no_ube2w,uba1_thio_ub76_no_ube2w__seed-13_sample-4__model.cif,5.51,4.81,1.52
uba1_thio_ub76_no_ube2w,uba1_thio_ub76_no_ube2w__seed-14_sample-0__model.cif,5.44,4.97,1.54
uba1_thio_ub76_no_ube2w,uba1_thio_ub76_no_ube2w__seed-14_sample-1__model.cif,5.57,4.65,1.53
uba1_thio_ub76_no_ube2w,uba1_thio_ub76_no_ube2w__seed-14_sample-2__model.cif,5.28,4.68,1.53
uba1_thio_ub76_no_ube2w,uba1_thio_ub76_no_ube2w__seed-14_sample-3__model.cif,6.11,4.95,1.55
uba1_thio_ub76_no_ube2w,uba1_thio_ub76_no_ube2w__seed-14_sample-4__model.cif,5.31,4.78,1.53
